X,Y,Z
0.307921,-0.000484,0.475323
0.305301,0.000833,0.473585
0.301043,0.003345,0.472223
0.295944,0.006890,0.471464
0.290513,0.011320,0.471469
0.285095,0.016464,0.472322
0.279921,0.022198,0.474049
0.275143,0.028381,0.476638
0.270860,0.034916,0.480048
0.267134,0.041703,0.484218
0.263999,0.048672,0.489076
0.261467,0.055762,0.494545
0.259541,0.062928,0.500544
0.258211,0.070134,0.506993
0.257461,0.077354,0.513815
0.257290,0.084580,0.520921
0.257669,0.091774,0.528235
0.258575,0.098927,0.535679
0.259991,0.106055,0.543179
0.261866,0.113092,0.550665
0.264158,0.120009,0.558069
0.266822,0.126814,0.565328
0.269866,0.133725,0.572467
0.273247,0.140662,0.579477
0.277012,0.147554,0.586250
0.281157,0.154410,0.592734
0.285614,0.161107,0.598920
0.290260,0.167540,0.604814
0.295105,0.173722,0.610384
0.300176,0.179663,0.615544
0.305441,0.185395,0.620243
0.310752,0.191130,0.624660
0.316185,0.196755,0.628704
0.321738,0.202265,0.632363
0.327393,0.207742,0.635701
0.333182,0.213194,0.638738
0.339217,0.218607,0.641447
0.345606,0.223894,0.643806
0.352347,0.228922,0.645828
0.359360,0.233657,0.647525
0.366617,0.238050,0.648885
0.374033,0.241993,0.649874
0.381469,0.245409,0.650487
0.388842,0.248325,0.650739
0.396074,0.250772,0.650651
0.403090,0.252776,0.650242
0.409829,0.254363,0.649528
0.416251,0.255560,0.648525
0.422331,0.256388,0.647250
0.428042,0.256863,0.645729
0.433371,0.257000,0.643984
0.438308,0.256812,0.642042
0.442855,0.256317,0.639925
0.447014,0.255532,0.637657
0.450781,0.254501,0.635268
0.454166,0.253231,0.632789
0.457183,0.251738,0.630240
0.459846,0.250037,0.627642
0.462174,0.248144,0.625012
0.464187,0.246072,0.622367
0.465909,0.243837,0.619722
0.467359,0.241450,0.617094
0.468559,0.238925,0.614495
0.469532,0.236275,0.611940
0.470298,0.233513,0.609442
0.470875,0.230651,0.607011
0.471283,0.227699,0.604659
0.471539,0.224669,0.602393
0.471657,0.221562,0.600225
0.471650,0.218380,0.598164
0.471532,0.215130,0.596221
0.471319,0.211823,0.594404
0.471026,0.208467,0.592720
0.470666,0.205073,0.591175
0.470253,0.201651,0.589772
0.469799,0.198209,0.588516
0.469316,0.194756,0.587408
0.468814,0.191296,0.586449
0.468303,0.187838,0.585637
0.467791,0.184385,0.584972
0.467286,0.180943,0.584452
0.466797,0.177516,0.584075
0.466331,0.174108,0.583838
0.465892,0.170721,0.583736
0.465485,0.167356,0.583767
0.465113,0.164016,0.583926
0.464780,0.160699,0.584208
0.464490,0.157408,0.584610
0.464244,0.154141,0.585125
0.464043,0.150898,0.585749
0.463886,0.147678,0.586477
0.463772,0.144478,0.587302
0.463698,0.141297,0.588220
0.463661,0.138130,0.589225
0.463659,0.134977,0.590311
0.463689,0.131835,0.591473
0.463747,0.128700,0.592706
0.463831,0.125571,0.594005
0.463937,0.122445,0.595363
0.464062,0.119320,0.596777
0.464203,0.116193,0.598242
0.464354,0.113062,0.599752
0.464513,0.109927,0.601302
0.464673,0.106784,0.602888
0.464830,0.103633,0.604505
0.464979,0.100471,0.606149
0.465116,0.097298,0.607815
0.465237,0.094113,0.609500
0.465339,0.090915,0.611199
0.465416,0.087705,0.612909
0.465463,0.084482,0.614626
0.465475,0.081247,0.616343
0.465447,0.078001,0.618059
0.465377,0.074744,0.619770
0.465260,0.071479,0.621470
0.465095,0.068206,0.623159
0.464878,0.064929,0.624832
0.464610,0.061649,0.626487
0.464287,0.058368,0.628121
0.463908,0.055088,0.629733
0.463471,0.051812,0.631320
0.462975,0.048541,0.632880
0.462418,0.045278,0.634410
0.461799,0.042027,0.635908
0.461116,0.038790,0.637373
0.460369,0.035570,0.638801
0.459558,0.032371,0.640192
0.458683,0.029195,0.641542
0.457748,0.026048,0.642853
0.456751,0.022931,0.644121
0.455695,0.019847,0.645348
0.454580,0.016798,0.646532
0.453410,0.013788,0.647674
0.452187,0.010820,0.648771
0.450916,0.007899,0.649825
0.449600,0.005027,0.650835
0.448242,0.002209,0.651801
0.446844,-0.000554,0.652725
0.445410,-0.003257,0.653606
0.443941,-0.005899,0.654445
0.442441,-0.008476,0.655243
0.440912,-0.010986,0.655998
0.439356,-0.013424,0.656713
0.437776,-0.015790,0.657388
0.436174,-0.018082,0.658023
0.434551,-0.020297,0.658622
0.432909,-0.022437,0.659187
0.431252,-0.024500,0.659722
0.429584,-0.026485,0.660232
0.427909,-0.028391,0.660720
0.426231,-0.030216,0.661191
0.424555,-0.031960,0.661647
0.422886,-0.033622,0.662092
0.421227,-0.035201,0.662529
0.419584,-0.036696,0.662961
0.417963,-0.038103,0.663391
0.416369,-0.039417,0.663821
0.414809,-0.040633,0.664255
0.413288,-0.041749,0.664694
0.411808,-0.042764,0.665143
0.410375,-0.043676,0.665604
0.408990,-0.044485,0.666078
0.407656,-0.045189,0.666569
0.406375,-0.045790,0.667077
0.405148,-0.046288,0.667606
0.403976,-0.046686,0.668156
0.402858,-0.046984,0.668730
0.401796,-0.047184,0.669327
0.400789,-0.047288,0.669949
0.399833,-0.047302,0.670596
0.398923,-0.047231,0.671267
0.398054,-0.047079,0.671961
0.397222,-0.046849,0.672678
0.396427,-0.046544,0.673416
0.395668,-0.046167,0.674175
0.394946,-0.045719,0.674954
0.394266,-0.045203,0.675755
0.393630,-0.044621,0.676578
0.393042,-0.043977,0.677424
0.392501,-0.043276,0.678293
0.392010,-0.042521,0.679185
0.391566,-0.041717,0.680098
0.391170,-0.040868,0.681030
0.390821,-0.039976,0.681980
0.390515,-0.039043,0.682945
0.390250,-0.038073,0.683921
0.390021,-0.037070,0.684906
0.389826,-0.036037,0.685896
0.389662,-0.034976,0.686886
0.389527,-0.033890,0.687875
0.389421,-0.032784,0.688857
0.389343,-0.031660,0.689831
0.389290,-0.030521,0.690793
0.389260,-0.029370,0.691738
0.389252,-0.028207,0.692664
0.389264,-0.027035,0.693566
0.389293,-0.025854,0.694442
0.389338,-0.024665,0.695288
0.389396,-0.023469,0.696100
0.389465,-0.022267,0.696876
0.389544,-0.021060,0.697613
0.389631,-0.019848,0.698307
0.389724,-0.018632,0.698957
0.389822,-0.017414,0.699559
0.389924,-0.016192,0.700112
0.390026,-0.014969,0.700614
0.390129,-0.013744,0.701062
0.390231,-0.012519,0.701455
0.390330,-0.011293,0.701792
0.390425,-0.010067,0.702072
0.390517,-0.008842,0.702294
0.390603,-0.007618,0.702457
0.390684,-0.006394,0.702561
0.390760,-0.005172,0.702606
0.390834,-0.003951,0.702594
0.390907,-0.002729,0.702526
0.390980,-0.001508,0.702403
0.391053,-0.000288,0.702225
0.391127,0.000932,0.701994
0.391202,0.002151,0.701712
0.391277,0.003368,0.701378
0.391354,0.004582,0.700995
0.391431,0.005794,0.700563
0.391509,0.007001,0.700084
0.391588,0.008204,0.699560
0.391667,0.009402,0.698990
0.391747,0.010593,0.698378
0.391827,0.011778,0.697724
0.391908,0.012956,0.697029
0.391988,0.014125,0.696295
0.392068,0.015285,0.695524
0.392148,0.016435,0.694716
0.392229,0.017576,0.693874
0.392310,0.018708,0.693000
0.392391,0.019830,0.692094
0.392474,0.020942,0.691160
0.392558,0.022043,0.690198
0.392643,0.023132,0.689211
0.392729,0.024210,0.688201
0.392816,0.025275,0.687168
0.392905,0.026328,0.686114
0.392994,0.027367,0.685041
0.393086,0.028393,0.683951
0.393182,0.029405,0.682847
0.393284,0.030404,0.681730
0.393391,0.031389,0.680604
0.393507,0.032358,0.679469
0.393631,0.033311,0.678329
0.393764,0.034248,0.677183
0.393908,0.035167,0.676035
0.394063,0.036068,0.674885
0.394228,0.036950,0.673735
0.394404,0.037813,0.672585
0.394590,0.038657,0.671438
0.394787,0.039480,0.670292
0.394994,0.040283,0.669151
0.395211,0.041066,0.668014
0.395437,0.041828,0.666882
0.395672,0.042567,0.665756
0.395918,0.043284,0.664638
0.396174,0.043978,0.663528
0.396440,0.044648,0.662426
0.396717,0.045294,0.661335
0.397004,0.045914,0.660255
0.397299,0.046507,0.659186
0.397603,0.047070,0.658130
0.397913,0.047602,0.657086
0.398230,0.048104,0.656056
0.398553,0.048575,0.655040
0.398881,0.049015,0.654038
0.399213,0.049425,0.653051
0.399548,0.049806,0.652078
0.399885,0.050156,0.651122
0.400224,0.050475,0.650182
0.400565,0.050765,0.649259
0.400907,0.051023,0.648355
0.401250,0.051252,0.647469
0.401595,0.051450,0.646603
0.401940,0.051619,0.645757
0.402285,0.051759,0.644931
0.402630,0.051871,0.644126
0.402975,0.051955,0.643341
0.403319,0.052012,0.642578
0.403661,0.052042,0.641836
0.404001,0.052046,0.641115
0.404340,0.052024,0.640416
0.404676,0.051977,0.639738
0.405009,0.051903,0.639082
0.405339,0.051803,0.638448
0.405666,0.051678,0.637835
0.405988,0.051527,0.637243
0.406305,0.051351,0.636672
0.406616,0.051152,0.636121
0.406922,0.050930,0.635592
0.407222,0.050686,0.635083
0.407515,0.050420,0.634594
0.407801,0.050134,0.634125
0.408081,0.049828,0.633676
0.408353,0.049501,0.633247
0.408618,0.049155,0.632838
0.408875,0.048789,0.632447
0.409125,0.048404,0.632074
0.409366,0.048001,0.631720
0.409599,0.047578,0.631384
0.409823,0.047136,0.631065
0.410039,0.046676,0.630763
0.410246,0.046198,0.630477
0.410444,0.045702,0.630208
0.410634,0.045189,0.629954
0.410815,0.044659,0.629716
0.410987,0.044111,0.629492
0.411150,0.043547,0.629283
0.411302,0.042966,0.629088
0.411444,0.042369,0.628906
0.411575,0.041755,0.628738
0.411694,0.041124,0.628582
0.411801,0.040479,0.628439
0.411895,0.039817,0.628308
0.411976,0.039140,0.628189
0.412044,0.038449,0.628081
0.412098,0.037743,0.627983
0.412138,0.037022,0.627896
0.412163,0.036288,0.627819
0.412173,0.035541,0.627752
0.412167,0.034780,0.627695
0.412146,0.034007,0.627646
0.412109,0.033222,0.627607
0.412056,0.032425,0.627576
0.411986,0.031617,0.627553
0.411900,0.030799,0.627538
0.411796,0.029970,0.627531
0.411675,0.029132,0.627531
0.411537,0.028285,0.627539
0.411381,0.027430,0.627554
0.411209,0.026567,0.627576
0.411019,0.025697,0.627604
0.410813,0.024820,0.627640
0.410590,0.023937,0.627681
0.410350,0.023049,0.627730
0.410094,0.022157,0.627784
0.409822,0.021261,0.627845
0.409534,0.020362,0.627911
0.409231,0.019461,0.627984
0.408913,0.018558,0.628062
0.408581,0.017655,0.628146
0.408235,0.016753,0.628236
0.407876,0.015851,0.628331
0.407503,0.014951,0.628432
0.407116,0.014054,0.628538
0.406718,0.013160,0.628649
0.406306,0.012269,0.628766
0.405883,0.011383,0.628888
0.405448,0.010503,0.629014
0.405002,0.009628,0.629146
0.404544,0.008760,0.629283
0.404076,0.007900,0.629425
0.403597,0.007046,0.629572
0.403109,0.006201,0.629723
0.402610,0.005365,0.629880
0.402103,0.004538,0.630041
0.401586,0.003720,0.630207
0.401061,0.002913,0.630378
0.400528,0.002117,0.630554
0.399986,0.001332,0.630734
0.399436,0.000559,0.630919
0.398879,-0.000201,0.631108
0.398313,-0.000947,0.631301
0.397740,-0.001680,0.631498
0.397160,-0.002399,0.631699
0.396572,-0.003102,0.631904
0.395978,-0.003791,0.632112
0.395378,-0.004464,0.632324
0.394772,-0.005120,0.632539
0.394161,-0.005759,0.632758
0.393546,-0.006380,0.632980
0.392927,-0.006980,0.633206
0.392306,-0.007561,0.633436
0.391684,-0.008120,0.633669
0.391060,-0.008658,0.633907
0.390436,-0.009175,0.634148
0.389813,-0.009670,0.634394
0.389191,-0.010143,0.634643
0.388570,-0.010594,0.634898
0.387952,-0.011024,0.635157
0.387337,-0.011433,0.635421
0.386726,-0.011820,0.635691
0.386120,-0.012185,0.635967
0.385518,-0.012530,0.636248
0.384922,-0.012853,0.636534
0.384333,-0.013156,0.636826
0.383750,-0.013437,0.637123
0.383174,-0.013698,0.637426
0.382604,-0.013939,0.637734
0.382043,-0.014159,0.638047
0.381488,-0.014360,0.638364
0.380942,-0.014542,0.638686
0.380405,-0.014704,0.639012
0.379875,-0.014848,0.639342
0.379353,-0.014973,0.639675
0.378840,-0.015080,0.640011
0.378334,-0.015168,0.640351
0.377836,-0.015239,0.640693
0.377346,-0.015292,0.641037
0.376864,-0.015327,0.641384
0.376389,-0.015345,0.641732
0.375922,-0.015347,0.642081
0.375462,-0.015331,0.642431
0.375010,-0.015300,0.642781
0.374564,-0.015253,0.643132
0.374126,-0.015190,0.643483
0.373695,-0.015112,0.643834
0.373270,-0.015019,0.644184
0.372852,-0.014912,0.644532
0.372441,-0.014790,0.644880
0.372036,-0.014655,0.645226
0.371637,-0.014507,0.645571
0.371244,-0.014345,0.645913
0.370858,-0.014171,0.646253
0.370477,-0.013985,0.646591
0.370103,-0.013787,0.646926
0.369734,-0.013578,0.647258
0.369371,-0.013358,0.647587
0.369013,-0.013127,0.647914
0.368661,-0.012888,0.648237
0.368315,-0.012639,0.648556
0.367975,-0.012383,0.648873
0.367640,-0.012118,0.649185
0.367310,-0.011846,0.649495
0.366987,-0.011568,0.649800
0.366669,-0.011283,0.650101
0.366357,-0.010991,0.650399
0.366051,-0.010695,0.650692
0.365750,-0.010393,0.650981
0.365455,-0.010087,0.651265
0.365167,-0.009776,0.651545
0.364884,-0.009461,0.651821
0.364607,-0.009142,0.652092
0.364336,-0.008820,0.652358
0.364071,-0.008495,0.652620
0.363812,-0.008167,0.652876
0.363558,-0.007838,0.653128
0.363311,-0.007506,0.653374
0.363069,-0.007174,0.653616
0.362833,-0.006840,0.653852
0.362603,-0.006505,0.654083
0.362378,-0.006170,0.654310
0.362159,-0.005835,0.654530
0.361946,-0.005500,0.654746
0.361739,-0.005165,0.654956
0.361537,-0.004831,0.655161
0.361341,-0.004497,0.655360
0.361151,-0.004165,0.655554
0.360966,-0.003833,0.655742
0.360787,-0.003504,0.655924
0.360614,-0.003176,0.656101
0.360447,-0.002850,0.656273
0.360285,-0.002526,0.656438
0.360129,-0.002204,0.656599
0.359978,-0.001886,0.656753
0.359833,-0.001570,0.656902
0.359693,-0.001257,0.657045
0.359558,-0.000947,0.657182
0.359429,-0.000640,0.657314
0.359305,-0.000337,0.657440
0.359187,-0.000038,0.657561
0.359073,0.000257,0.657676
0.358965,0.000548,0.657785
0.358862,0.000834,0.657889
0.358764,0.001117,0.657987
0.358672,0.001394,0.658080
0.358584,0.001667,0.658167
0.358500,0.001934,0.658249
0.358422,0.002196,0.658326
0.358347,0.002452,0.658398
0.358278,0.002703,0.658464
0.358212,0.002948,0.658525
0.358151,0.003187,0.658581
0.358094,0.003420,0.658632
0.358041,0.003647,0.658679
0.357992,0.003867,0.658720
0.357947,0.004082,0.658757
0.357906,0.004289,0.658789
0.357869,0.004491,0.658816
0.357836,0.004685,0.658839
0.357806,0.004873,0.658859
0.357780,0.005053,0.658874
0.357757,0.005226,0.658886
0.357738,0.005392,0.658894
0.357723,0.005550,0.658899
0.357712,0.005701,0.658901
0.357705,0.005844,0.658901
0.357702,0.005980,0.658897
0.357703,0.006108,0.658891
0.357707,0.006229,0.658882
0.357716,0.006343,0.658871
0.357728,0.006449,0.658858
0.357745,0.006547,0.658842
0.357765,0.006638,0.658824
0.357788,0.006721,0.658804
0.357816,0.006796,0.658782
0.357847,0.006863,0.658758
0.357881,0.006922,0.658732
0.357920,0.006973,0.658704
0.357961,0.007017,0.658675
0.358006,0.007053,0.658643
0.358053,0.007081,0.658609
0.358104,0.007101,0.658573
0.358158,0.007114,0.658536
0.358214,0.007119,0.658496
0.358273,0.007116,0.658454
0.358334,0.007106,0.658410
0.358397,0.007089,0.658364
0.358463,0.007065,0.658316
0.358530,0.007033,0.658266
0.358599,0.006994,0.658214
0.358670,0.006949,0.658159
0.358742,0.006896,0.658102
0.358815,0.006837,0.658043
0.358889,0.006770,0.657982
0.358965,0.006698,0.657918
0.359041,0.006619,0.657852
0.359117,0.006533,0.657784
0.359194,0.006442,0.657713
0.359271,0.006344,0.657640
0.359349,0.006240,0.657565
0.359426,0.006130,0.657487
0.359503,0.006015,0.657406
0.359580,0.005894,0.657324
0.359656,0.005768,0.657239
0.359732,0.005636,0.657152
0.359807,0.005500,0.657062
0.359881,0.005358,0.656970
0.359955,0.005211,0.656876
0.360027,0.005060,0.656779
0.360098,0.004904,0.656681
0.360169,0.004744,0.656580
0.360237,0.004579,0.656477
0.360305,0.004411,0.656372
0.360371,0.004238,0.656265
0.360436,0.004062,0.656156
0.360499,0.003882,0.656045
0.360560,0.003698,0.655932
0.360620,0.003511,0.655817
0.360678,0.003321,0.655701
0.360735,0.003129,0.655583
0.360789,0.002933,0.655463
0.360842,0.002735,0.655341
0.360893,0.002534,0.655218
0.360942,0.002331,0.655094
0.360989,0.002125,0.654968
0.361034,0.001918,0.654841
0.361077,0.001709,0.654712
0.361118,0.001498,0.654583
0.361157,0.001286,0.654451
0.361193,0.001072,0.654319
0.361228,0.000858,0.654186
0.361261,0.000642,0.654052
0.361291,0.000426,0.653917
0.361319,0.000208,0.653781
0.361346,-0.000009,0.653644
0.361370,-0.000228,0.653506
0.361391,-0.000446,0.653368
0.361411,-0.000664,0.653228
0.361428,-0.000883,0.653089
0.361443,-0.001101,0.652948
0.361456,-0.001318,0.652808
0.361466,-0.001535,0.652666
0.361475,-0.001752,0.652525
0.361481,-0.001968,0.652383
0.361485,-0.002182,0.652241
0.361486,-0.002396,0.652099
0.361486,-0.002608,0.651956
0.361483,-0.002819,0.651814
0.361478,-0.003029,0.651671
0.361471,-0.003237,0.651528
0.361461,-0.003443,0.651386
0.361449,-0.003647,0.651244
0.361436,-0.003850,0.651102
0.361419,-0.004050,0.650960
0.361401,-0.004248,0.650818
0.361381,-0.004444,0.650677
0.361358,-0.004638,0.650537
0.361334,-0.004829,0.650396
0.361307,-0.005017,0.650257
0.361279,-0.005203,0.650118
0.361248,-0.005386,0.649980
0.361215,-0.005566,0.649842
0.361180,-0.005743,0.649705
0.361143,-0.005917,0.649570
0.361105,-0.006088,0.649435
0.361064,-0.006256,0.649300
0.361022,-0.006420,0.649167
0.360977,-0.006582,0.649035
0.360931,-0.006740,0.648905
0.360883,-0.006894,0.648775
0.360833,-0.007045,0.648646
0.360782,-0.007193,0.648519
0.360729,-0.007337,0.648393
0.360674,-0.007478,0.648269
0.360617,-0.007615,0.648146
0.360559,-0.007748,0.648024
0.360499,-0.007877,0.647904
0.360438,-0.008003,0.647785
0.360375,-0.008125,0.647668
0.360311,-0.008244,0.647553
0.360245,-0.008358,0.647440
0.360178,-0.008469,0.647328
0.360110,-0.008576,0.647218
0.360040,-0.008680,0.647109
0.359969,-0.008779,0.647003
0.359897,-0.008875,0.646899
0.359823,-0.008967,0.646796
0.359748,-0.009055,0.646695
0.359673,-0.009140,0.646597
0.359596,-0.009220,0.646500
0.359517,-0.009298,0.646406
0.359438,-0.009371,0.646314
0.359358,-0.009441,0.646224
0.359277,-0.009507,0.646136
0.359195,-0.009569,0.646050
0.359112,-0.009628,0.645966
0.359028,-0.009684,0.645885
0.358943,-0.009736,0.645806
0.358857,-0.009785,0.645729
0.358771,-0.009830,0.645654
0.358684,-0.009872,0.645582
0.358596,-0.009910,0.645512
0.358507,-0.009946,0.645445
0.358418,-0.009978,0.645380
0.358328,-0.010007,0.645317
0.358237,-0.010033,0.645257
0.358146,-0.010056,0.645199
0.358054,-0.010076,0.645143
0.357961,-0.010094,0.645090
0.357869,-0.010108,0.645039
0.357775,-0.010120,0.644991
0.357681,-0.010129,0.644946
0.357587,-0.010136,0.644902
0.357492,-0.010140,0.644862
0.357396,-0.010141,0.644823
0.357301,-0.010140,0.644787
0.357205,-0.010137,0.644754
0.357108,-0.010132,0.644723
0.357011,-0.010125,0.644694
0.356914,-0.010115,0.644668
0.356817,-0.010104,0.644645
0.356719,-0.010091,0.644624
0.356621,-0.010075,0.644605
0.356522,-0.010059,0.644588
0.356424,-0.010040,0.644575
0.356325,-0.010020,0.644563
0.356226,-0.009998,0.644554
0.356127,-0.009975,0.644547
0.356027,-0.009951,0.644543
0.355927,-0.009925,0.644541
0.355827,-0.009899,0.644541
0.355727,-0.009871,0.644544
0.355627,-0.009842,0.644549
0.355527,-0.009812,0.644556
0.355426,-0.009781,0.644565
0.355326,-0.009750,0.644577
0.355225,-0.009718,0.644591
0.355124,-0.009685,0.644607
0.355023,-0.009652,0.644626
0.354922,-0.009618,0.644646
0.354821,-0.009584,0.644669
0.354720,-0.009550,0.644694
0.354618,-0.009516,0.644721
0.354517,-0.009481,0.644750
0.354416,-0.009446,0.644781
0.354314,-0.009411,0.644814
0.354213,-0.009376,0.644849
0.354111,-0.009342,0.644886
0.354010,-0.009307,0.644925
0.353908,-0.009273,0.644966
0.353806,-0.009239,0.645009
0.353705,-0.009206,0.645054
0.353603,-0.009173,0.645100
0.353502,-0.009140,0.645148
0.353400,-0.009109,0.645198
0.353298,-0.009077,0.645250
0.353197,-0.009047,0.645304
0.353095,-0.009017,0.645359
0.352993,-0.008988,0.645416
0.352892,-0.008960,0.645474
0.352790,-0.008933,0.645534
0.352689,-0.008906,0.645595
0.352587,-0.008881,0.645658
0.352486,-0.008857,0.645723
0.352385,-0.008834,0.645789
0.352283,-0.008812,0.645856
0.352182,-0.008791,0.645925
0.352081,-0.008771,0.645995
0.351980,-0.008753,0.646066
0.351878,-0.008736,0.646138
0.351777,-0.008720,0.646212
0.351676,-0.008706,0.646287
0.351576,-0.008693,0.646363
0.351475,-0.008681,0.646440
0.351374,-0.008671,0.646518
0.351273,-0.008662,0.646598
0.351173,-0.008655,0.646678
0.351072,-0.008650,0.646759
0.350972,-0.008646,0.646841
0.350872,-0.008643,0.646924
0.350771,-0.008642,0.647007
0.350671,-0.008643,0.647092
0.350571,-0.008645,0.647177
0.350472,-0.008649,0.647263
0.350372,-0.008654,0.647350
0.350272,-0.008661,0.647437
0.350173,-0.008670,0.647525
0.350073,-0.008680,0.647613
0.349974,-0.008692,0.647702
0.349875,-0.008706,0.647791
0.349776,-0.008721,0.647881
0.349677,-0.008738,0.647971
0.349579,-0.008757,0.648062
0.349480,-0.008777,0.648153
0.349382,-0.008799,0.648244
0.349284,-0.008823,0.648335
0.349186,-0.008848,0.648426
0.349088,-0.008875,0.648518
0.348991,-0.008903,0.648610
0.348893,-0.008933,0.648702
0.348796,-0.008964,0.648793
0.348699,-0.008997,0.648885
0.348602,-0.009032,0.648977
0.348506,-0.009068,0.649069
0.348409,-0.009105,0.649160
0.348313,-0.009144,0.649251
0.348217,-0.009185,0.649343
0.348121,-0.009227,0.649433
0.348026,-0.009270,0.649524
0.347931,-0.009315,0.649614
0.347836,-0.009361,0.649704
0.347741,-0.009408,0.649794
0.347647,-0.009457,0.649883
0.347552,-0.009506,0.649972
0.347459,-0.009557,0.650060
0.347365,-0.009610,0.650147
0.347272,-0.009663,0.650234
0.347179,-0.009718,0.650321
0.347086,-0.009773,0.650407
0.346994,-0.009830,0.650492
0.346902,-0.009888,0.650576
0.346810,-0.009946,0.650660
0.346719,-0.010006,0.650743
0.346628,-0.010066,0.650825
0.346537,-0.010128,0.650907
0.346447,-0.010190,0.650987
0.346357,-0.010253,0.651067
0.346268,-0.010317,0.651146
0.346179,-0.010381,0.651224
0.346090,-0.010446,0.651300
0.346002,-0.010512,0.651376
0.345914,-0.010578,0.651451
0.345826,-0.010645,0.651525
0.345740,-0.010712,0.651598
0.345653,-0.010780,0.651670
0.345567,-0.010848,0.651740
0.345482,-0.010916,0.651810
0.345397,-0.010985,0.651878
0.345312,-0.011054,0.651945
0.345228,-0.011124,0.652011
0.345144,-0.011193,0.652076
0.345061,-0.011263,0.652140
0.344979,-0.011333,0.652202
0.344897,-0.011402,0.652263
0.344816,-0.011472,0.652323
0.344735,-0.011542,0.652381
0.344655,-0.011612,0.652439
0.344575,-0.011682,0.652494
0.344496,-0.011751,0.652549
0.344418,-0.011820,0.652602
0.344340,-0.011890,0.652654
0.344263,-0.011958,0.652705
0.344186,-0.012027,0.652754
0.344111,-0.012095,0.652801
0.344035,-0.012163,0.652848
0.343961,-0.012230,0.652893
0.343887,-0.012297,0.652936
0.343814,-0.012364,0.652978
0.343742,-0.012430,0.653019
0.343670,-0.012495,0.653058
0.343599,-0.012560,0.653096
0.343529,-0.012624,0.653133
0.343459,-0.012688,0.653168
0.343390,-0.012750,0.653201
0.343322,-0.012812,0.653233
0.343255,-0.012874,0.653264
0.343188,-0.012934,0.653293
0.343123,-0.012994,0.653321
0.343058,-0.013053,0.653348
0.342994,-0.013111,0.653372
0.342930,-0.013168,0.653396
0.342868,-0.013224,0.653418
0.342806,-0.013280,0.653439
0.342745,-0.013334,0.653458
0.342685,-0.013387,0.653476
0.342626,-0.013440,0.653492
0.342568,-0.013491,0.653507
0.342510,-0.013542,0.653521
0.342453,-0.013591,0.653533
0.342398,-0.013639,0.653544
0.342343,-0.013686,0.653554
0.342289,-0.013732,0.653562
0.342236,-0.013777,0.653569
0.342183,-0.013821,0.653574
0.342132,-0.013864,0.653578
0.342081,-0.013905,0.653581
0.342032,-0.013945,0.653583
0.341983,-0.013985,0.653583
0.341935,-0.014023,0.653582
0.341888,-0.014060,0.653580
0.341842,-0.014095,0.653576
0.341797,-0.014130,0.653571
0.341752,-0.014163,0.653565
0.341709,-0.014195,0.653558
0.341667,-0.014226,0.653550
0.341625,-0.014256,0.653540
0.341584,-0.014285,0.653529
0.341544,-0.014312,0.653518
0.341505,-0.014338,0.653505
0.341467,-0.014363,0.653491
0.341430,-0.014387,0.653475
0.341394,-0.014410,0.653459
0.341359,-0.014432,0.653442
0.341324,-0.014452,0.653424
0.341290,-0.014472,0.653404
0.341258,-0.014490,0.653384
0.341226,-0.014507,0.653363
0.341194,-0.014523,0.653340
0.341164,-0.014538,0.653317
0.341135,-0.014552,0.653293
0.341106,-0.014565,0.653268
0.341078,-0.014577,0.653242
0.341052,-0.014587,0.653215
0.341025,-0.014597,0.653188
0.341000,-0.014606,0.653159
0.340976,-0.014614,0.653130
0.340952,-0.014621,0.653100
0.340929,-0.014626,0.653069
0.340907,-0.014631,0.653038
0.340885,-0.014636,0.653006
0.340864,-0.014639,0.652973
0.340844,-0.014641,0.652939
0.340825,-0.014643,0.652905
0.340806,-0.014644,0.652871
0.340789,-0.014644,0.652835
0.340771,-0.014643,0.652799
0.340755,-0.014641,0.652763
0.340739,-0.014639,0.652726
0.340724,-0.014636,0.652688
0.340709,-0.014632,0.652650
0.340695,-0.014628,0.652612
0.340682,-0.014623,0.652573
0.340669,-0.014618,0.652534
0.340657,-0.014612,0.652494
0.340645,-0.014605,0.652454
0.340634,-0.014598,0.652413
0.340623,-0.014591,0.652372
0.340613,-0.014583,0.652331
0.340604,-0.014575,0.652290
0.340595,-0.014566,0.652248
0.340586,-0.014557,0.652206
0.340578,-0.014547,0.652164
0.340570,-0.014537,0.652122
0.340563,-0.014527,0.652079
0.340556,-0.014517,0.652037
0.340549,-0.014506,0.651994
0.340543,-0.014495,0.651951
0.340537,-0.014484,0.651908
0.340531,-0.014473,0.651865
0.340526,-0.014462,0.651822
0.340521,-0.014450,0.651779
0.340516,-0.014439,0.651735
0.340512,-0.014427,0.651692
0.340508,-0.014416,0.651649
0.340504,-0.014404,0.651606
0.340500,-0.014392,0.651563
0.340496,-0.014381,0.651520
0.340493,-0.014369,0.651477
0.340490,-0.014358,0.651434
0.340486,-0.014347,0.651392
0.340483,-0.014336,0.651349
0.340480,-0.014325,0.651307
0.340477,-0.014314,0.651265
0.340475,-0.014304,0.651223
0.340472,-0.014293,0.651182
0.340469,-0.014283,0.651141
0.340466,-0.014273,0.651100
0.340464,-0.014264,0.651059
0.340461,-0.014255,0.651018
0.340458,-0.014246,0.650978
0.340455,-0.014238,0.650939
0.340452,-0.014230,0.650899
0.340449,-0.014222,0.650860
0.340446,-0.014215,0.650821
0.340442,-0.014208,0.650783
0.340439,-0.014201,0.650745
0.340435,-0.014196,0.650708
0.340431,-0.014190,0.650671
0.340427,-0.014185,0.650634
0.340423,-0.014181,0.650598
0.340418,-0.014177,0.650563
0.340414,-0.014174,0.650528
0.340409,-0.014171,0.650493
0.340403,-0.014169,0.650459
0.340398,-0.014167,0.650426
0.340392,-0.014166,0.650393
0.340386,-0.014166,0.650360
0.340379,-0.014166,0.650329
0.340372,-0.014167,0.650297
0.340365,-0.014168,0.650267
0.340358,-0.014170,0.650237
0.340350,-0.014173,0.650207
0.340341,-0.014176,0.650179
0.340332,-0.014180,0.650150
0.340323,-0.014185,0.650123
0.340313,-0.014191,0.650096
0.340303,-0.014197,0.650070
0.340293,-0.014204,0.650044
0.340282,-0.014211,0.650019
0.340270,-0.014219,0.649995
0.340258,-0.014228,0.649971
0.340246,-0.014238,0.649948
0.340233,-0.014248,0.649926
0.340219,-0.014259,0.649905
0.340205,-0.014271,0.649884
0.340190,-0.014283,0.649864
0.340175,-0.014297,0.649844
0.340160,-0.014310,0.649826
0.340143,-0.014325,0.649808
0.340126,-0.014340,0.649790
0.340109,-0.014356,0.649774
0.340091,-0.014373,0.649758
0.340072,-0.014390,0.649743
0.340053,-0.014409,0.649729
0.340034,-0.014427,0.649715
0.340013,-0.014447,0.649702
0.339992,-0.014467,0.649690
0.339971,-0.014488,0.649678
0.339948,-0.014509,0.649668
0.339925,-0.014531,0.649658
0.339902,-0.014554,0.649648
0.339878,-0.014578,0.649640
0.339853,-0.014602,0.649632
0.339828,-0.014626,0.649625
0.339802,-0.014652,0.649619
0.339775,-0.014678,0.649613
0.339748,-0.014704,0.649608
0.339720,-0.014731,0.649604
0.339691,-0.014759,0.649601
0.339662,-0.014787,0.649598
0.339632,-0.014816,0.649596
0.339602,-0.014845,0.649594
0.339571,-0.014875,0.649594
0.339539,-0.014906,0.649594
0.339507,-0.014937,0.649594
0.339474,-0.014968,0.649596
0.339440,-0.015000,0.649598
0.339406,-0.015033,0.649601
0.339371,-0.015066,0.649604
0.339336,-0.015099,0.649608
0.339300,-0.015133,0.649613
0.339263,-0.015167,0.649618
0.339226,-0.015202,0.649624
0.339188,-0.015237,0.649631
0.339149,-0.015272,0.649638
0.339110,-0.015308,0.649646
0.339070,-0.015344,0.649655
0.339030,-0.015380,0.649664
0.338989,-0.015417,0.649674
0.338948,-0.015454,0.649684
0.338906,-0.015491,0.649695
0.338863,-0.015529,0.649706
0.338820,-0.015567,0.649718
0.338777,-0.015605,0.649731
0.338733,-0.015643,0.649744
0.338688,-0.015682,0.649758
0.338643,-0.015720,0.649772
0.338597,-0.015759,0.649787
0.338551,-0.015798,0.649802
0.338505,-0.015838,0.649818
0.338457,-0.015877,0.649834
0.338410,-0.015916,0.649850
0.338362,-0.015956,0.649868
0.338313,-0.015996,0.649885
0.338265,-0.016035,0.649903
0.338215,-0.016075,0.649922
0.338165,-0.016115,0.649941
0.338115,-0.016155,0.649960
0.338065,-0.016194,0.649980
0.338014,-0.016234,0.650000
0.337963,-0.016274,0.650020
0.337911,-0.016314,0.650041
0.337859,-0.016353,0.650063
0.337807,-0.016393,0.650084
0.337754,-0.016432,0.650106
